-1	I	/aɪ/, [aɪ̯], [aː], [ɑe̯] (letter name)
0	a	/ˈeɪ/, /ˈæɪ/ (letter name);/æ/, /ɑː/, /eɪ/ (phoneme);/ˈeɪ/ (stressed);/ə/ (unstressed)
1	the	/ˈðiː/ (stressed);/ˈðʌ/ (variant, preconsonantal);/ði/, /ðɪ/ (unstressed and prevocalic);/ðə/ (unstressed and preconsonantal)
2	of	/ɒv/, /ɔv/, /ʌv/ (stressed);/əv/, (before a consonant) /ə/, /ʌv/ (unstressed)
3	and	/ænd/, /ɛnd/ (stressed);/ənd/, /ən/, /æn/, /ɛn/, /ɛnd/, /n̩d/, /n̩/ (unstressed)
4	in	/ɪn/, /ɘn/ (stressed);/ɪn/, /ən/, /ɘn/ (unstressed)
5	to	/tuː/, [tʰu̟ː], /tu/, [tʰu̟], /tʉː/, [tʰʉː] (stressed);/tə/, [ɾə], /tʊ/, [ɾʊ] (unstressed);/t̪oː/ (chiefly North India)
6	was	/wɒz/, /wʌz/, /wɑz/, /wɔz/ (stressed);/wəz/ (unstressed)
7	is	/ɪz/, /ɘz/
8	for	/fɔː(ɹ)/, /fɔɹ/, /foː(ɹ)/ (stressed);/fə(ɹ)/, /fɘ(ɹ)/, /fɚ/, /fə/ (unstressed)
9	on	/ɒn/, /ɔn/, /ɔʊn/, /ɑn/
10	as	/æz/ (stressed);/əz/ (unstressed);/ˈæs/, /ˈæz/
11	with	/wɪð/, /wɪθ/, /wɪi/, /wɪv/, /wɪt/, /wəθ/, /wəð/ (preconsonantal, final);/wɪð/, /wɪθ/, /wəθ/, /wəð/ (prevocalic)
12	by	/baɪ/
13	he	/ˈhiː/ (stressed);/hi/, /i/ (unstressed);/hi/, [hi], [çi]
14	that	/ˈðæt/, /ˈðɛt/ (stressed);/ˈd̪æt/, /ˈd̪ɛt/, /ˈd̪æʈ/, /ˈd̪ʱæʈ/ (stressed, India);/ðət/ (unstressed)
15	at	/æt/ (stressed);/ət/ (unstressed)
16	from	/fɹɒm/, /fɹʌm/ (stressed);/fɹəm/ (unstressed)
17	his	/ˈhɪz/, /ˈhɘz/ (stressed);/əz/ (unstressed)
18	it	/ɪt/, /ɘt/ (stressed);/ɪt/, [ɪ̈t], [ɪt], /ət/, /ɘt/ (unstressed)
19	an	/ˈæn/, [ˈɛən] (stressed);/ən/ (unstressed)
20	were	/wɜː(ɹ)/, /wɛə(ɹ)/, /wɝ/, /wɑːɹ/ (stressed);/wə(ɹ)/, /wɚ/ (unstressed)
22	which	/wɪt͡ʃ/, /ʍɪt͡ʃ/
23	are	/ɑː(ɹ)/, /ɑɹ/, /ɐː(ɹ)/, /aː(ɹ)/, /aɹ/, /äːɹ/, /ɛə(ɹ)/, /ɛː(ɹ)/, /aʊɚ/, /aʊə/ (stressed);/ə(ɹ)/, /ɚ/ (unstressed);/ɛə/, /ɛː/, /ɛəɹ/, /ɛɹ/, /ɑː(ɹ)/
24	this	/ðɪs/, /ðəs/
25	also	/ˈɔːl.səʊ/, /ˈɔl.soʊ/, /ˈɑl.soʊ/
26	be	/biː/, /bi/ (verb);/bi/, /bə/, /bɪ/, /bɛ/ (preposition)
27	had	/hæd/ (stressed);/həd/, /əd/ (unstressed);/hæt/ (had to)
28	or	/ɔɹ/, /ɑɹ/, /ɔː(ɹ)/ (stressed);/ɚ/, /ə/, (before vowel) /əɹ/ (unstressed);/oɹ/, /ɔː(ɹ)/ (noun tincture)
29	has	/hæz/ (stressed);/həz/, /əz/ (unstressed);/hæs/ (has to)
30	first	/fɜːst/, /fɝst/, /fɪrst/, /fʌrst/
31	their	/ðɛə(ɹ)/, /ðɛː(ɹ)/, /ðɛɚ/
32	after	/ˈɑːf.tə(ɹ)/, /ˈaf.tə(ɹ)/, /ˈæf.tɚ/, /ˈæ.tə(ɹ)/, /ˈɑː.tə(ɹ)/
33	its	/ɪts/
34	one	/wʌn/, /wan/, [wän], /wɒn/, /wʌn/, /oʊn/, /ɔːn/ (etymology 1);/wʌn/
35	new	/njuː/, /n(j)u/, /njʉː/
36	but	/bʌt/, [bɐt], /bʌt/, /bʊt/, /bʊt/ (stressed);[bɞθ̠] (Ireland);/bət/ (unstressed)
37	who	/huː/, /hu/
38	her	/ˈhɜː(ɹ)/, /ˈhɝ/ (stressed);/ə(ɹ)/, /ɚ/ (unstressed)
39	not	/nɒt/, [nɒt], [nɒʔ(t)], /nɑt/, [nɑʔt], [nɞʔt]
40	she	/ʃiː/, /ʃi/
41	they	/ðeɪ/
42	have	/hæv/, (obsolete) /heɪv/ (stressed);/həv/, /əv/, /ə/ (unstressed);/hæf/, /hæv/ (have to)
43	two	/tuː/, [tʰu̟ː], /tu/, [tʰu̟];/twuː/ (obsolete)
44	been	/bɪn/, /bɛn/, /biːn/
45	other	/ˈʌðə/, [ˈɐðə], /ʊðə/, /ˈʌðɚ/, /ˈɐðə/, [ˈäðə]
46	when	/ʍɛn/, /wɛn/, /ʍɪn/, /wɪn/
47	during	/ˈdjʊə.ɹɪŋ/, /ˈdjɔː.ɹɪŋ/, /ˈdʒʊəɹɪŋ/, /ˈdʒɔːɹɪŋ/, /ˈd(j)ʊəɹɪŋ/, /ˈd(j)ɜɹɪŋ/
48	all	/ɔːl/, [oːɫ], /ɔl/, [ɔɫ], /ɑl/
49	into	/ˈɪn.tuː/, /ˈɪn.tu/ (stressed);(before consonants) /ˈɪn.tə/, (before vowels) /ˈɪn.tʊ/ (unstressed)
50	there	/ðɛə(ɹ)/, /ðɛː(ɹ)/, /ðɛɚ/, /ðɛɹ/, /ðeː(ɹ)/ (stressed);/ðə(ɹ)/, /ðɚ/, /ðə(ɹ)/ (unstressed)
51	time	/taɪm/, [tʰaɪ̯m], /tɑɪm/, [tʰɑe̯m]
52	may	/meɪ/
53	more	/mɔː/, /mɔɹ/, /mo(ː)ɹ/, /moə/, /moʊ/
54	school	/skuːl/, /skuːɫ/
55	years	/jɪəz/, /jɜːz/, /jɪɹz/
56	over	/ˈəʊ.və(ɹ)/, /ˈoʊ.vɚ/
57	only	/ˈəʊn.li/, (in fast speech) /ˈəʊn.i/, /ˈəʊn.lɪ/, (in fast speech) /ˈəʊn.ɪ/, /ˈoʊn.li/
58	would	/wʊd/, /wʊld/, /wuːld/ (stressed);/wəd/, /əd/ (unstressed)
59	later	/ˈleɪtə/, /ˈleɪtɚ/, [ˈleɪ̯ɾɚ]
60	most	/ˈməʊst/, /ˈmoʊst/
61	where	/ʍɛə/, /wɛə/, /ʍɛɚ/, /wɛɚ/
62	between	/bɪˈtwiːn/, /bəˈtwin/, /bɪˈtwin/, [bɪˈtʰwin]
63	some	/sʌm/, [sɐm], /sʊm/, (unstressed) /səm/, [säm]
64	up	/ʌp/, [ɐʔp], [ʌp̚], /ap/, [äp]
65	world	/wɜːld/, /wɝld/, /wɵːld/, [wɵːɯ̯d̥]
66	city	/ˈsɪti/, [ˈsɪtʰiː], /sɪtɪ/, [ˈsɪɾi]
67	national	/ˈnaʃn̩(ə)l/, /ˈnaʃn(ə)l/, /ˈnæʃən(ə)l/, /ˈnæʃn(ə)l/
68	about	/əˈbaʊt/, /əˈbʌʊt/, [əˈbɐʊt], [əˈboʊt], /əˈbɛʊt/
69	such	/sʌt͡ʃ/, /sɪt͡ʃ/, /sɛt͡ʃ/
70	him	/ˈhɪm/ (stressed);/əm/, [ɪ̈m] (unstressed)
71	then	/ðɛn/, /ðen/
72	made	/meɪd/
73	out	/aʊt/, /æɔt/, /æʊt/, /ʌʊt/, /ɘʉt/
74	state	/steɪt/
75	three	/θɹiː/, [θɾ̪̊iː], [θɾ̪̊ɪi], [θɹ̥ɪi], /fɹiː/, /θɹiː/, [θɾ̪̊iː], [t̪ɾ̪̊iː], [θɾ̪̊i], [θɹ̥i], [θɹi]
76	while	/ʍaɪl/, /waɪl/
77	used	/juːzd/, (past of use) /juzd/;/juːst/, /just/ (auxillary verb)
78	university	/juːnɪˈvɜːsəti/, /junɪˈvɝsəti/, /junɪˈvɝsɪti/
79	can	/ˈkæn/, [ˈkʰan], [ˈkʰæn], /ˈkɛn/, [ˈkʰɛˑn] (stressed);/ˈkæn/, [ˈkʰæn], [ˈkʰɛən], /ˈkæn/, [ˈkʰæn], [ˈkʰɛːn] (stressed, see /æ/ raising)
80	united	/juːˈnaɪtɪd/, /jʊˈnaɪtɪd/, /juˈnaɪtɪd/, [juˈnaɪ̯ɾɪ̈d], [ju̟ˈnaɪ̯ɾɪ̈d], [jʊˈnaɪ̯ɾɪ̈d], [jəˈnaɪ̯ɾɪ̈d]
81	under	/ˈʌndə/, [ˈɐn.də(ɹ)], /ˈʌndəɹ/, [ˈʌn(ɾ)ɚ], [ˈʌɾ̃ɚ], /ˈʊndə/
82	known	/nəʊn/, /noʊn/, /ˈnɐʉ.wɘn/
83	season	/ˈsiː.zən/
84	many	/ˈmɛni/, /ˈmɪni/, /ˈmæni/
85	year	/jɪə/, /jɪɹ/, /jøː/, /jɜː/
86	part	/pɑːt/, /pɑɹt/, /pɐːt/
87	became	/bɪˈkeɪm/
88	born	/bɔːn/, /boɹn/, [bo̞ɹn] (with the horse-hoarse merger);/bɔːɹn/, /bɔːn/ (without the horse-hoarse merger)
89	film	/fɪlm/, [fɪɫm], [ˈfɪlm̩], [ˈfɪləm]
90	these	/ðiːz/, /ðiz/